keyword,s_category
PDRN,스킨케어
엑소좀,스킨케어
콜라겐,스킨케어
글루타치온,건강식품
레티놀,스킨케어
레티날,스킨케어
나이아신아마이드,스킨케어
비타민C 세럼,스킨케어
히알루론산,스킨케어
세라마이드,스킨케어
판테놀,스킨케어
시카,스킨케어
어성초,스킨케어
쑥 토너,스킨케어
티트리,스킨케어
프로폴리스,스킨케어
갈락토미세스,스킨케어
펩타이드,스킨케어
아젤라익애씨드,스킨케어
트라넥삼산,스킨케어
살리실산,스킨케어
PHA,스킨케어
엑토인,스킨케어
마이크로바이옴 화장품,스킨케어
아스타잔틴,스킨케어
앰플,스킨케어
토너 패드,스킨케어
필링 패드,스킨케어
스틱 선크림,선케어
선쿠션,선케어
선세럼,선케어
톤업 선크림,선케어
클렌징 밤,클렌징
클렌징 오일,클렌징
슬리핑 마스크,스킨케어
모델링 팩,스킨케어
립 오일,색조메이크업
립 틴트,색조메이크업
쿠션 파운데이션,메이크업베이스
세럼 파운데이션,메이크업베이스
두피 앰플,헤어두피
헤어 에센스,헤어두피
미스트,스킨케어
모공 축소,스킨케어
트러블 진정,스킨케어
미백,스킨케어
잡티,스킨케어
주름 개선,스킨케어
피부 탄력,스킨케어
피부 장벽,스킨케어
속건조,스킨케어
홍조,스킨케어
피지 조절,스킨케어
각질 제거,스킨케어
다크서클,스킨케어
두피 각질,헤어두피
여성 탈모,헤어두피
물광 피부,스킨케어
저속노화,스킨케어
먹는 콜라겐,건강식품
